total_orders,total_customers,total_revenue,avg_ticket
98666,98666,1.5876443269999273E7,140.55920452935118
